pos_source,pos_target,distance,outlier,mi,feature_position_source,gene_source,codon_source,feature_codon_source,feature_position_target,gene_target,codon_target,feature_codon_target,codon_distance,interaction,name
23055,23075,20,4,0.76507,1493,S,2,498,1513,S,1,505,7,same gene,all
23075,23055,20,4,0.76507,1513,S,1,505,1493,S,2,498,7,same gene,all
22674,22679,5,4,0.75812,1112,S,2,371,1117,S,1,373,2,same gene,all
22679,22674,5,4,0.75812,1117,S,1,373,1112,S,2,371,2,same gene,all
22679,22686,7,4,0.75142,1117,S,1,373,1124,S,2,375,2,same gene,all
22686,22679,7,4,0.75142,1124,S,2,375,1117,S,1,373,2,same gene,all
21618,22200,582,4,0.75028,56,S,2,19,638,S,2,213,194,same gene,all
22200,21618,582,4,0.75028,638,S,2,213,56,S,2,19,194,same gene,all
22578,22679,101,4,0.70945,1016,S,2,339,1117,S,1,373,34,same gene,all
22679,22578,101,4,0.70945,1117,S,1,373,1016,S,2,339,34,same gene,all
22992,23013,21,4,0.70021,1430,S,2,477,1451,S,2,484,7,same gene,all
23013,22992,21,4,0.70021,1451,S,2,484,1430,S,2,477,7,same gene,all
22813,22882,69,4,0.69862,1251,S,3,417,1320,S,3,440,23,same gene,all
22882,22813,69,4,0.69862,1320,S,3,440,1251,S,3,417,23,same gene,all
21618,23604,1986,4,0.69021,56,S,2,19,2042,S,2,681,662,same gene,all
23604,21618,1986,4,0.69021,2042,S,2,681,56,S,2,19,662,same gene,all
24424,24469,45,4,0.68656,2862,S,3,954,2907,S,3,969,15,same gene,all
24469,24424,45,4,0.68656,2907,S,3,969,2862,S,3,954,15,same gene,all
23013,23055,42,4,0.68311,1451,S,2,484,1493,S,2,498,14,same gene,all
23055,23013,42,4,0.68311,1493,S,2,498,1451,S,2,484,14,same gene,all
23948,24469,521,4,0.67762,2386,S,1,796,2907,S,3,969,173,same gene,all
24469,23948,521,4,0.67762,2907,S,3,969,2386,S,1,796,173,same gene,all
23599,24469,870,4,0.67724,2037,S,3,679,2907,S,3,969,290,same gene,all
24469,23599,870,4,0.67724,2907,S,3,969,2037,S,3,679,290,same gene,all
24469,25000,531,4,0.67105,2907,S,3,969,3438,S,3,1146,177,same gene,all
25000,24469,531,4,0.67105,3438,S,3,1146,2907,S,3,969,177,same gene,all
22578,24469,1891,4,0.671,1016,S,2,339,2907,S,3,969,630,same gene,all
24469,22578,1891,4,0.671,2907,S,3,969,1016,S,2,339,630,same gene,all
22679,23599,920,4,0.6668,1117,S,1,373,2037,S,3,679,306,same gene,all
23599,22679,920,4,0.6668,2037,S,3,679,1117,S,1,373,306,same gene,all
22200,24469,2269,4,0.66499,638,S,2,213,2907,S,3,969,756,same gene,all
24469,22200,2269,4,0.66499,2907,S,3,969,638,S,2,213,756,same gene,all
23854,24469,615,4,0.6581,2292,S,3,764,2907,S,3,969,205,same gene,all
24469,23854,615,4,0.6581,2907,S,3,969,2292,S,3,764,205,same gene,all
22679,23055,376,4,0.65022,1117,S,1,373,1493,S,2,498,125,same gene,all
23055,22679,376,4,0.65022,1493,S,2,498,1117,S,1,373,125,same gene,all
23525,23599,74,4,0.64717,1963,S,1,655,2037,S,3,679,24,same gene,all
23599,23525,74,4,0.64717,2037,S,3,679,1963,S,1,655,24,same gene,all
22688,22775,87,4,0.63803,1126,S,1,376,1213,S,1,405,29,same gene,all
22775,22688,87,4,0.63803,1213,S,1,405,1126,S,1,376,29,same gene,all
22813,23854,1041,4,0.63791,1251,S,3,417,2292,S,3,764,347,same gene,all
23854,22813,1041,4,0.63791,2292,S,3,764,1251,S,3,417,347,same gene,all
22200,22688,488,4,0.60953,638,S,2,213,1126,S,1,376,163,same gene,all
22688,22200,488,4,0.60953,1126,S,1,376,638,S,2,213,163,same gene,all
23604,24410,806,4,0.60413,2042,S,2,681,2848,S,1,950,269,same gene,all
24410,23604,806,4,0.60413,2848,S,1,950,2042,S,2,681,269,same gene,all
23063,23604,541,4,0.59639,1501,S,1,501,2042,S,2,681,180,same gene,all
23604,23063,541,4,0.59639,2042,S,2,681,1501,S,1,501,180,same gene,all
21618,21638,20,4,0.59443,56,S,2,19,76,S,1,26,7,same gene,all
21638,21618,20,4,0.59443,76,S,1,26,56,S,2,19,7,same gene,all
22775,22786,11,4,0.58972,1213,S,1,405,1224,S,3,408,3,same gene,all
22786,22775,11,4,0.58972,1224,S,3,408,1213,S,1,405,3,same gene,all
21618,22033,415,4,0.58575,56,S,2,19,471,S,3,157,138,same gene,all
22033,21618,415,4,0.58575,471,S,3,157,56,S,2,19,138,same gene,all
23055,23063,8,4,0.57932,1493,S,2,498,1501,S,1,501,3,same gene,all
23063,23055,8,4,0.57932,1501,S,1,501,1493,S,2,498,3,same gene,all
22000,22200,200,4,0.50965,438,S,3,146,638,S,2,213,67,same gene,all
22200,22000,200,4,0.50965,638,S,2,213,438,S,3,146,67,same gene,all
22190,22200,10,4,0.45808,628,S,1,210,638,S,2,213,3,same gene,all
22200,22190,10,4,0.45808,638,S,2,213,628,S,1,210,3,same gene,all
22001,22190,189,4,0.44992,439,S,1,147,628,S,1,210,63,same gene,all
22190,22001,189,4,0.44992,628,S,1,210,439,S,1,147,63,same gene,all
24130,24503,373,4,0.4443,2568,S,3,856,2941,S,1,981,125,same gene,all
24503,24130,373,4,0.4443,2941,S,1,981,2568,S,3,856,125,same gene,all
23202,24130,928,4,0.44018,1640,S,2,547,2568,S,3,856,309,same gene,all
24130,23202,928,4,0.44018,2568,S,3,856,1640,S,2,547,309,same gene,all
21618,22917,1299,4,0.4266,56,S,2,19,1355,S,2,452,433,same gene,all
22917,21618,1299,4,0.4266,1355,S,2,452,56,S,2,19,433,same gene,all
22200,24130,1930,4,0.42563,638,S,2,213,2568,S,3,856,643,same gene,all
24130,22200,1930,4,0.42563,2568,S,3,856,638,S,2,213,643,same gene,all
22673,24130,1457,4,0.41918,1111,S,1,371,2568,S,3,856,485,same gene,all
24130,22673,1457,4,0.41918,2568,S,3,856,1111,S,1,371,485,same gene,all
23048,23202,154,4,0.41342,1486,S,1,496,1640,S,2,547,51,same gene,all
23202,23048,154,4,0.41342,1640,S,2,547,1486,S,1,496,51,same gene,all
22200,22898,698,4,0.39022,638,S,2,213,1336,S,1,446,233,same gene,all
22898,22200,698,4,0.39022,1336,S,1,446,638,S,2,213,233,same gene,all
21984,22000,16,4,0.37964,422,S,2,141,438,S,3,146,5,same gene,all
22000,21984,16,4,0.37964,438,S,3,146,422,S,2,141,5,same gene,all
22200,23018,818,3,0.32546,638,S,2,213,1456,S,1,486,273,same gene,all
23018,22200,818,3,0.32546,1456,S,1,486,638,S,2,213,273,same gene,all
22917,23040,123,3,0.31028,1355,S,2,452,1478,S,2,493,41,same gene,all
23040,22917,123,3,0.31028,1478,S,2,493,1355,S,2,452,41,same gene,all
22200,22599,399,3,0.30602,638,S,2,213,1037,S,2,346,133,same gene,all
22599,22200,399,3,0.30602,1037,S,2,346,638,S,2,213,133,same gene,all
21846,22200,354,3,0.29384,284,S,2,95,638,S,2,213,118,same gene,all
22200,21846,354,3,0.29384,638,S,2,213,284,S,2,95,118,same gene,all
22898,22917,19,3,0.28098,1336,S,1,446,1355,S,2,452,6,same gene,all
22917,22898,19,3,0.28098,1355,S,2,452,1336,S,1,446,6,same gene,all
22893,22942,49,3,0.27371,1331,S,2,444,1380,S,3,460,16,same gene,all
22942,22893,49,3,0.27371,1380,S,3,460,1331,S,2,444,16,same gene,all
21761,23604,1843,3,0.25805,199,S,1,67,2042,S,2,681,614,same gene,all
23604,21761,1843,3,0.25805,2042,S,2,681,199,S,1,67,614,same gene,all
22895,22942,47,3,0.23296,1333,S,1,445,1380,S,3,460,15,same gene,all
22942,22895,47,3,0.23296,1380,S,3,460,1333,S,1,445,15,same gene,all
24506,24914,408,3,0.22151,2944,S,1,982,3352,S,1,1118,136,same gene,all
24914,24506,408,3,0.22151,3352,S,1,1118,2944,S,1,982,136,same gene,all
22995,23604,609,3,0.22108,1433,S,2,478,2042,S,2,681,203,same gene,all
23604,22995,609,3,0.22108,2042,S,2,681,1433,S,2,478,203,same gene,all
23709,24506,797,3,0.21905,2147,S,2,716,2944,S,1,982,266,same gene,all
24506,23709,797,3,0.21905,2944,S,1,982,2147,S,2,716,266,same gene,all
22577,22599,22,2,0.15608,1015,S,1,339,1037,S,2,346,7,same gene,all
22599,22577,22,2,0.15608,1037,S,2,346,1015,S,1,339,7,same gene,all
23018,23031,13,2,0.15194,1456,S,1,486,1469,S,2,490,4,same gene,all
23031,23018,13,2,0.15194,1469,S,2,490,1456,S,1,486,4,same gene,all
22577,22664,87,2,0.13726,1015,S,1,339,1102,S,1,368,29,same gene,all
22664,22577,87,2,0.13726,1102,S,1,368,1015,S,1,339,29,same gene,all
22786,22792,6,2,0.13555,1224,S,3,408,1230,S,3,410,2,same gene,all
22792,22786,6,2,0.13555,1230,S,3,410,1224,S,3,408,2,same gene,all
22200,22664,464,2,0.13117,638,S,2,213,1102,S,1,368,155,same gene,all
22664,22200,464,2,0.13117,1102,S,1,368,638,S,2,213,155,same gene,all
22109,22200,91,2,0.12683,547,S,1,183,638,S,2,213,30,same gene,all
22200,22109,91,2,0.12683,638,S,2,213,547,S,1,183,30,same gene,all
21904,21929,25,2,0.12382,342,S,3,114,367,S,1,123,9,same gene,all
21929,21904,25,2,0.12382,367,S,1,123,342,S,3,114,9,same gene,all
21810,22200,390,2,0.12104,248,S,2,83,638,S,2,213,130,same gene,all
22200,21810,390,2,0.12104,638,S,2,213,248,S,2,83,130,same gene,all
22109,23031,922,2,0.12067,547,S,1,183,1469,S,2,490,307,same gene,all
23031,22109,922,2,0.12067,1469,S,2,490,547,S,1,183,307,same gene,all
22200,22317,117,2,0.10694,638,S,2,213,755,S,2,252,39,same gene,all
22317,22200,117,2,0.10694,755,S,2,252,638,S,2,213,39,same gene,all
22917,23673,756,2,0.10633,1355,S,2,452,2111,S,2,704,252,same gene,all
23673,22917,756,2,0.10633,2111,S,2,704,1355,S,2,452,252,same gene,all
23284,25339,2055,1,0.08154,1722,S,3,574,3777,S,3,1259,685,same gene,all
25339,23284,2055,1,0.08154,3777,S,3,1259,1722,S,3,574,685,same gene,all
21843,21876,33,1,0.07498,281,S,2,94,314,S,2,105,11,same gene,all
21876,21843,33,1,0.07498,314,S,2,105,281,S,2,94,11,same gene,all
22001,22016,15,1,0.0724,439,S,1,147,454,S,1,152,5,same gene,all
22016,22001,15,1,0.0724,454,S,1,152,439,S,1,147,5,same gene,all
21754,21777,23,1,0.06935,192,S,3,64,215,S,2,72,8,same gene,all
21777,21754,23,1,0.06935,215,S,2,72,192,S,3,64,8,same gene,all